Fraza kluczowa,Sezon,Priorytet,Kategoria,Status,Link do wpisu
donice betonowe do ogrodu,całoroczny,wysoki,ogrod,wykorzystana,https://greyt.pl/donice-betonowe-do-ogrodu-dlaczego-warto-postawic-na-beton-architektoniczny/
płyty betonowe nawierzchniowe jak układać,całoroczny,wysoki,poradniki,wykorzystana,https://greyt.pl/jak-ukladac-plyty-betonowe-nawierzchniowe-kompletny-poradnik-krok-po-kroku/
beton architektoniczny we wnętrzach,całoroczny,wysoki,wnetrza,wykorzystana,https://greyt.pl/beton-architektoniczny-we-wnetrzach-jak-wprowadzic-go-do-domu-z-klasa/
donice betonowe duże na taras,wiosna,wysoki,ogrod,wykorzystana,https://greyt.pl/donice-betonowe-duze-na-taras-jak-wybrac-i-aranzowac-przestrzen-zewnetrzna/
płyty betonowe ścienne do salonu,całoroczny,wysoki,wnetrza,wykorzystana,https://greyt.pl/plyty-betonowe-scienne-do-salonu-jak-wybrac-i-gdzie-zamontowac/
zegar ścienny betonowy nowoczesny,całoroczny,wysoki,wnetrza,wykorzystana,https://greyt.pl/zegar-scienny-betonowy-jak-wybrac-idealny-model-do-nowoczesnego-wnetrza/
jak dbać o donice betonowe,całoroczny,średni,poradniki,do wykorzystania,
płyty betonowe ogrodowe cena,całoroczny,wysoki,ogrod,wykorzystana,https://greyt.pl/plyty-betonowe-ogrodowe-ile-kosztuja-i-dlaczego-warto-wybrac-jakosc-premium/
beton w nowoczesnym ogrodzie,wiosna,wysoki,ogrod,wykorzystana,https://greyt.pl/beton-w-nowoczesnym-ogrodzie-jak-stworzyc-przestrzen-z-charakterem/
dekoracje betonowe do domu,całoroczny,wysoki,inspiracje,wykorzystana,https://greyt.pl/dekoracje-betonowe-do-domu-surowy-material-ktory-ociepla-wnetrza/
ściana z płyt betonowych w salonie,całoroczny,wysoki,wnetrza,wykorzystana,https://greyt.pl/sciana-z-plyt-betonowych-w-salonie-jak-stworzyc-wnetrze-z-charakterem/
donice betonowe mrozoodporne,jesień,wysoki,poradniki,do wykorzystania,
płyty betonowe na ścianę cena,całoroczny,średni,inspiracje,do wykorzystania,
beton architektoniczny ogród inspiracje,lato,wysoki,inspiracje,do wykorzystania,
zegary betonowe ścienne nowoczesne,całoroczny,średni,wnetrza,do wykorzystania,
nawierzchnia betonowa ogród,wiosna,wysoki,ogrod,wykorzystana,https://greyt.pl/nawierzchnia-betonowa-w-ogrodzie-dlaczego-to-hit-2026-roku/
donice betonowe prostokątne duże,całoroczny,średni,ogrod,do wykorzystania,
beton we wnętrzu minimalistycznym,całoroczny,wysoki,inspiracje,do wykorzystania,
płyty betonowe taras jak wybrać,wiosna,wysoki,poradniki,do wykorzystania,
dekoracje z betonu do salonu,całoroczny,średni,wnetrza,do wykorzystania,
